,mean,std
TF-IDF,0.050050156418573,0.002513153813599245
Embeddings,0.3659700665656346,0.004037514490470828
Structure,0.01810126857798331,0.0018111726723784635
