class,baseline_f1,hybrid_f1
1,0.8383084577114428,0.9351851851851852
2,0.452991452991453,0.8103896103896104
3,0.47413793103448276,0.7893569844789357
4,0.5916666666666667,0.7951598962834918
5,0.9480369515011547,0.9729879229279985
