accuracy,macro_f1,rmse,confusion_matrix,experiment
0.8629331287559135,0.6841478749993343,0.48014066878549305,"[[337, 85, 29, 4, 0], [6, 53, 11, 5, 0], [3, 16, 55, 13, 2], [2, 4, 20, 142, 47], [1, 1, 28, 101, 1642]]",baseline
0.6580999872139112,0.5306891318110574,0.7725077874136871,"[[264, 149, 40, 2, 0], [9, 57, 8, 1, 0], [2, 11, 66, 10, 0], [2, 7, 20, 160, 26], [2, 34, 115, 481, 1141]]",undersample+weights
0.8203554532668457,0.66351013271359,0.5389073756350738,"[[339, 91, 25, 0, 0], [8, 58, 7, 2, 0], [3, 15, 61, 9, 1], [3, 4, 22, 154, 32], [0, 5, 55, 212, 1501]]",weights_only
0.7800792737501597,0.6369574231444081,0.6217647609801599,"[[361, 78, 16, 0, 0], [8, 58, 6, 3, 0], [2, 15, 60, 11, 1], [0, 8, 27, 149, 31], [0, 22, 79, 300, 1372]]",weights+focus
0.8016877637130803,0.6417122000047432,0.5305333440370292,"[[307, 126, 22, 0, 0], [8, 59, 3, 5, 0], [2, 13, 60, 13, 1], [1, 10, 15, 151, 38], [0, 1, 42, 234, 1496]]",smote
